-- ===========================================
-- SEED DATA: DOCUMENT MANAGER
-- ===========================================

INSERT INTO document_categories (id, organization_id, name, unique_code, description,
                                 parent_category_id, is_active, status) VALUES
('50000000-0000-0000-0000-000000000001','00000000-0000-0000-0000-000000000001','Standard Operating Procedures','SOP','All SOPs',NULL,true,'active'),
('50000000-0000-0000-0000-000000000002','00000000-0000-0000-0000-000000000001','Policies','POLICY','Company policies',NULL,true,'active'),
('50000000-0000-0000-0000-000000000003','00000000-0000-0000-0000-000000000001','Work Instructions','WI','Work instructions',NULL,true,'active'),
('50000000-0000-0000-0000-000000000004','00000000-0000-0000-0000-000000000001','Forms','FORM','Controlled forms',NULL,true,'active'),
('50000000-0000-0000-0000-000000000005','00000000-0000-0000-0000-000000000001','Validation Protocols','VAL','Validation docs',NULL,true,'active')
ON CONFLICT DO NOTHING;

INSERT INTO documents (id, organization_id, plant_id, name, unique_code, version_no, description,
                       document_type, effective_from, next_review,
                       department_id, owner_id, sop_number,
                       status, approved_at, approved_by) VALUES
('51000000-0000-0000-0000-000000000001','00000000-0000-0000-0000-000000000001','00000000-0000-0000-0000-000000000012',
 'Cleanroom Gowning Procedure','SOP-QA-001','3.0','Gowning for Grade A/B cleanrooms',
 'sop','2026-01-15','2027-01-15','00000000-0000-0000-0000-000000000024','10000000-0000-0000-0000-000000000004','QA-SOP-001',
 'active','2026-01-10','10000000-0000-0000-0000-000000000002'),
('51000000-0000-0000-0000-000000000002','00000000-0000-0000-0000-000000000001','00000000-0000-0000-0000-000000000012',
 'Equipment Cleaning Procedure','SOP-PROD-002','2.1','Cleaning & changeover of compression machines',
 'sop','2026-02-01','2027-02-01','00000000-0000-0000-0000-000000000023','10000000-0000-0000-0000-000000000003','PROD-SOP-002',
 'active','2026-01-28','10000000-0000-0000-0000-000000000002'),
('51000000-0000-0000-0000-000000000003','00000000-0000-0000-0000-000000000001',NULL,
 'Data Integrity Policy','POL-DI-001','1.2','ALCOA+ principles',
 'policy','2026-01-01','2028-01-01','00000000-0000-0000-0000-000000000022','10000000-0000-0000-0000-000000000002','POL-DI-001',
 'active','2025-12-20','10000000-0000-0000-0000-000000000002'),
('51000000-0000-0000-0000-000000000004','00000000-0000-0000-0000-000000000001','00000000-0000-0000-0000-000000000013',
 'Sterile Filtration WI','WI-STR-010','1.0','0.22um sterile filtration',
 'work_instruction','2026-03-01','2027-03-01','00000000-0000-0000-0000-000000000025','10000000-0000-0000-0000-000000000008','WI-STR-010',
 'active','2026-02-25','10000000-0000-0000-0000-000000000002'),
('51000000-0000-0000-0000-000000000005','00000000-0000-0000-0000-000000000001',NULL,
 'Training Effectiveness Form','FORM-TD-003','1.0','Post-training evaluation form',
 'form','2026-01-01',NULL,'00000000-0000-0000-0000-000000000027','10000000-0000-0000-0000-000000000001','FORM-TD-003',
 'active','2025-12-15','10000000-0000-0000-0000-000000000002')
ON CONFLICT DO NOTHING;

INSERT INTO document_category_tags (document_id, category_id) VALUES
('51000000-0000-0000-0000-000000000001','50000000-0000-0000-0000-000000000001'),
('51000000-0000-0000-0000-000000000002','50000000-0000-0000-0000-000000000001'),
('51000000-0000-0000-0000-000000000003','50000000-0000-0000-0000-000000000002'),
('51000000-0000-0000-0000-000000000004','50000000-0000-0000-0000-000000000003'),
('51000000-0000-0000-0000-000000000005','50000000-0000-0000-0000-000000000004')
ON CONFLICT DO NOTHING;

INSERT INTO document_versions (id, document_id, version_no, change_summary, is_current,
                               created_by, approved_at, approved_by) VALUES
('52000000-0000-0000-0000-000000000001','51000000-0000-0000-0000-000000000001','1.0','Initial release',false,'10000000-0000-0000-0000-000000000004','2024-06-01','10000000-0000-0000-0000-000000000002'),
('52000000-0000-0000-0000-000000000002','51000000-0000-0000-0000-000000000001','2.0','Added Grade A gowning details',false,'10000000-0000-0000-0000-000000000004','2025-04-12','10000000-0000-0000-0000-000000000002'),
('52000000-0000-0000-0000-000000000003','51000000-0000-0000-0000-000000000001','3.0','New gown supplier',true,'10000000-0000-0000-0000-000000000004','2026-01-10','10000000-0000-0000-0000-000000000002')
ON CONFLICT DO NOTHING;
