-- ===========================================
-- SEED DATA: TRAINING MODULE
-- GTP / schedules / sessions / batches / invitations / attendance / induction / OJT / feedback
-- ===========================================

-- GTP (Group Training Plans)
INSERT INTO gtp_masters (id, organization_id, plant_id, name, unique_code, description,
                         gtp_type, applicable_to_id, gtp_status, is_active, status) VALUES
('70000000-0000-0000-0000-000000000001','00000000-0000-0000-0000-000000000001','00000000-0000-0000-0000-000000000012',
 'Annual GMP Refresher 2026','GTP-GMP-2026','Mandatory annual GMP refresher for all Plant 1 staff',
 'plant','00000000-0000-0000-0000-000000000012','active',true,'active'),
('70000000-0000-0000-0000-000000000002','00000000-0000-0000-0000-000000000001',NULL,
 'QA Team 2026 Plan','GTP-QA-2026','QA subgroup annual training plan',
 'subgroup','21000000-0000-0000-0000-000000000001','active',true,'active'),
('70000000-0000-0000-0000-000000000003','00000000-0000-0000-0000-000000000001','00000000-0000-0000-0000-000000000013',
 'Sterile Techs 2026','GTP-STR-2026','Aseptic & sterile plan for Plant 2',
 'subgroup','21000000-0000-0000-0000-000000000004','active',true,'active')
ON CONFLICT DO NOTHING;

INSERT INTO gtp_courses (gtp_id, course_id, sequence_number, is_mandatory, valid_from, valid_until) VALUES
('70000000-0000-0000-0000-000000000001','63000000-0000-0000-0000-000000000001',1,true,'2026-01-01','2026-12-31'),
('70000000-0000-0000-0000-000000000001','63000000-0000-0000-0000-000000000002',2,true,'2026-01-01','2026-12-31'),
('70000000-0000-0000-0000-000000000001','63000000-0000-0000-0000-000000000003',3,true,'2026-01-01','2026-12-31'),
('70000000-0000-0000-0000-000000000002','63000000-0000-0000-0000-000000000002',1,true,'2026-01-01','2026-12-31'),
('70000000-0000-0000-0000-000000000002','63000000-0000-0000-0000-000000000004',2,true,'2026-01-01','2026-12-31'),
('70000000-0000-0000-0000-000000000003','63000000-0000-0000-0000-000000000005',1,true,'2026-01-01','2026-12-31')
ON CONFLICT DO NOTHING;

INSERT INTO gtp_subgroup_access (gtp_id, subgroup_id) VALUES
('70000000-0000-0000-0000-000000000001','21000000-0000-0000-0000-000000000003'),
('70000000-0000-0000-0000-000000000002','21000000-0000-0000-0000-000000000001'),
('70000000-0000-0000-0000-000000000003','21000000-0000-0000-0000-000000000004')
ON CONFLICT DO NOTHING;

-- Training schedules
INSERT INTO training_schedules (id, organization_id, plant_id, gtp_id, schedule_name,
                                schedule_status, start_date, end_date, trainer_id, venue_id,
                                session_type, max_participants) VALUES
('71000000-0000-0000-0000-000000000001','00000000-0000-0000-0000-000000000001','00000000-0000-0000-0000-000000000012','70000000-0000-0000-0000-000000000001',
 'GMP Refresher Q1 2026','confirmed','2026-02-01','2026-02-28',
 '64000000-0000-0000-0000-000000000001','65000000-0000-0000-0000-000000000002','offline',30),
('71000000-0000-0000-0000-000000000002','00000000-0000-0000-0000-000000000001',NULL,'70000000-0000-0000-0000-000000000002',
 'QA Data Integrity Drive','confirmed','2026-03-01','2026-03-15',
 '64000000-0000-0000-0000-000000000002','65000000-0000-0000-0000-000000000003','online',50)
ON CONFLICT DO NOTHING;

INSERT INTO training_sessions (id, organization_id, plant_id, schedule_id, course_id, session_name,
                               session_type, start_datetime, end_datetime, duration_minutes,
                               venue_id, trainer_id, capacity, status) VALUES
('72000000-0000-0000-0000-000000000001','00000000-0000-0000-0000-000000000001','00000000-0000-0000-0000-000000000012','71000000-0000-0000-0000-000000000001','63000000-0000-0000-0000-000000000001',
 'Cleanroom Entry - Batch 1','offline','2026-02-05 09:00:00+05:30','2026-02-05 10:30:00+05:30',90,
 '65000000-0000-0000-0000-000000000002','64000000-0000-0000-0000-000000000001',30,'completed'),
('72000000-0000-0000-0000-000000000002','00000000-0000-0000-0000-000000000001','00000000-0000-0000-0000-000000000012','71000000-0000-0000-0000-000000000001','63000000-0000-0000-0000-000000000003',
 'Fire Safety - Annual','offline','2026-02-10 14:00:00+05:30','2026-02-10 15:30:00+05:30',90,
 '65000000-0000-0000-0000-000000000002','64000000-0000-0000-0000-000000000001',30,'completed'),
('72000000-0000-0000-0000-000000000003','00000000-0000-0000-0000-000000000001',NULL,'71000000-0000-0000-0000-000000000002','63000000-0000-0000-0000-000000000002',
 'Data Integrity Workshop','online','2026-03-05 10:00:00+05:30','2026-03-05 12:00:00+05:30',120,
 '65000000-0000-0000-0000-000000000003','64000000-0000-0000-0000-000000000002',50,'scheduled')
ON CONFLICT DO NOTHING;

INSERT INTO training_batches (id, organization_id, plant_id, session_id, batch_name,
                              batch_status, max_participants) VALUES
('73000000-0000-0000-0000-000000000001','00000000-0000-0000-0000-000000000001','00000000-0000-0000-0000-000000000012','72000000-0000-0000-0000-000000000001','Batch A','completed',15),
('73000000-0000-0000-0000-000000000002','00000000-0000-0000-0000-000000000001','00000000-0000-0000-0000-000000000012','72000000-0000-0000-0000-000000000002','Batch 1','completed',25),
('73000000-0000-0000-0000-000000000003','00000000-0000-0000-0000-000000000001',NULL,'72000000-0000-0000-0000-000000000003','Workshop-1','formed',50)
ON CONFLICT DO NOTHING;

INSERT INTO batch_trainees (batch_id, employee_id, enrollment_source, participant_status,
                            attended_date, attendance_status) VALUES
('73000000-0000-0000-0000-000000000001','10000000-0000-0000-0000-000000000006','invitation','completed','2026-02-05','present'),
('73000000-0000-0000-0000-000000000001','10000000-0000-0000-0000-000000000007','invitation','completed','2026-02-05','present'),
('73000000-0000-0000-0000-000000000001','10000000-0000-0000-0000-000000000005','invitation','completed','2026-02-05','present'),
('73000000-0000-0000-0000-000000000002','10000000-0000-0000-0000-000000000003','invitation','completed','2026-02-10','present'),
('73000000-0000-0000-0000-000000000002','10000000-0000-0000-0000-000000000005','invitation','completed','2026-02-10','late'),
('73000000-0000-0000-0000-000000000002','10000000-0000-0000-0000-000000000006','invitation','absent','2026-02-10','absent'),
('73000000-0000-0000-0000-000000000003','10000000-0000-0000-0000-000000000004','invitation','enrolled',NULL,NULL),
('73000000-0000-0000-0000-000000000003','10000000-0000-0000-0000-000000000002','invitation','enrolled',NULL,NULL)
ON CONFLICT DO NOTHING;

INSERT INTO training_invitations (id, organization_id, employee_id, session_id, course_id,
                                  invitation_date, response_status, responded_at) VALUES
('74000000-0000-0000-0000-000000000001','00000000-0000-0000-0000-000000000001','10000000-0000-0000-0000-000000000006','72000000-0000-0000-0000-000000000001','63000000-0000-0000-0000-000000000001','2026-01-28','accepted','2026-01-29 10:00+05:30'),
('74000000-0000-0000-0000-000000000002','00000000-0000-0000-0000-000000000001','10000000-0000-0000-0000-000000000007','72000000-0000-0000-0000-000000000001','63000000-0000-0000-0000-000000000001','2026-01-28','accepted','2026-01-29 11:00+05:30'),
('74000000-0000-0000-0000-000000000003','00000000-0000-0000-0000-000000000001','10000000-0000-0000-0000-000000000004','72000000-0000-0000-0000-000000000003','63000000-0000-0000-0000-000000000002','2026-02-25','accepted','2026-02-26 09:30+05:30')
ON CONFLICT DO NOTHING;

INSERT INTO training_nominations (id, organization_id, employee_id, session_id, course_id,
                                  nominating_manager_id, nomination_date, status) VALUES
('74100000-0000-0000-0000-000000000001','00000000-0000-0000-0000-000000000001','10000000-0000-0000-0000-000000000008','72000000-0000-0000-0000-000000000003','63000000-0000-0000-0000-000000000002',
 '10000000-0000-0000-0000-000000000002','2026-02-20','approved')
ON CONFLICT DO NOTHING;

INSERT INTO session_attendance (id, organization_id, session_id, employee_id, attendance_date,
                                attendance_method, attendance_status, check_in_time, check_out_time,
                                marked_by) VALUES
('75000000-0000-0000-0000-000000000001','00000000-0000-0000-0000-000000000001','72000000-0000-0000-0000-000000000001','10000000-0000-0000-0000-000000000006','2026-02-05',
 'biometric','present','2026-02-05 08:55+05:30','2026-02-05 10:35+05:30','10000000-0000-0000-0000-000000000009'),
('75000000-0000-0000-0000-000000000002','00000000-0000-0000-0000-000000000001','72000000-0000-0000-0000-000000000001','10000000-0000-0000-0000-000000000007','2026-02-05',
 'biometric','present','2026-02-05 08:58+05:30','2026-02-05 10:35+05:30','10000000-0000-0000-0000-000000000009'),
('75000000-0000-0000-0000-000000000003','00000000-0000-0000-0000-000000000001','72000000-0000-0000-0000-000000000002','10000000-0000-0000-0000-000000000003','2026-02-10',
 'qr_code','present','2026-02-10 13:58+05:30','2026-02-10 15:32+05:30','10000000-0000-0000-0000-000000000009')
ON CONFLICT DO NOTHING;

INSERT INTO daily_attendance_summary (id, session_id, session_date, total_enrolled, present_count,
                                      absent_count, late_count, excused_count, partial_count) VALUES
('76000000-0000-0000-0000-000000000001','72000000-0000-0000-0000-000000000001','2026-02-05',3,3,0,0,0,0),
('76000000-0000-0000-0000-000000000002','72000000-0000-0000-0000-000000000002','2026-02-10',3,2,1,1,0,0)
ON CONFLICT DO NOTHING;

-- Induction program for new hires
INSERT INTO induction_programs (id, organization_id, plant_id, name, unique_code, description,
                                duration_days, is_mandatory_for_all, is_active, status) VALUES
('77000000-0000-0000-0000-000000000001','00000000-0000-0000-0000-000000000001',NULL,
 'New Hire Induction','IND-NEWHIRE','Mandatory 3-day induction for all new joiners',
 3,true,true,'active')
ON CONFLICT DO NOTHING;

INSERT INTO induction_modules (id, induction_program_id, module_name, sequence_number,
                               estimated_duration_minutes, status) VALUES
('77100000-0000-0000-0000-000000000001','77000000-0000-0000-0000-000000000001','Company Overview',1,60,'active'),
('77100000-0000-0000-0000-000000000002','77000000-0000-0000-0000-000000000001','GMP Basics',2,90,'active'),
('77100000-0000-0000-0000-000000000003','77000000-0000-0000-0000-000000000001','Safety & Emergency',3,60,'active'),
('77100000-0000-0000-0000-000000000004','77000000-0000-0000-0000-000000000001','IT Systems & Access',4,45,'active')
ON CONFLICT DO NOTHING;

INSERT INTO employee_induction (id, organization_id, employee_id, induction_program_id,
                                start_date, target_completion_date, status) VALUES
('77200000-0000-0000-0000-000000000001','00000000-0000-0000-0000-000000000001','10000000-0000-0000-0000-000000000006','77000000-0000-0000-0000-000000000001',
 '2024-02-01','2024-02-04','completed'),
('77200000-0000-0000-0000-000000000002','00000000-0000-0000-0000-000000000001','10000000-0000-0000-0000-000000000007','77000000-0000-0000-0000-000000000001',
 '2024-02-05','2024-02-08','completed')
ON CONFLICT DO NOTHING;

-- OJT
INSERT INTO ojt_masters (id, organization_id, plant_id, name, unique_code, description,
                         competency_requirements, is_active, status) VALUES
('78000000-0000-0000-0000-000000000001','00000000-0000-0000-0000-000000000001','00000000-0000-0000-0000-000000000012',
 'Granulation Machine Operator OJT','OJT-GRAN-01','Hands-on granulation operations',
 '{"level":"intermediate","checklist":["setup","operate","cleaning","shutdown"]}',true,'active')
ON CONFLICT DO NOTHING;

INSERT INTO ojt_tasks (id, ojt_master_id, task_name, sequence_number, estimated_hours, is_mandatory) VALUES
('78100000-0000-0000-0000-000000000001','78000000-0000-0000-0000-000000000001','Pre-Start Safety Check',1,0.5,true),
('78100000-0000-0000-0000-000000000002','78000000-0000-0000-0000-000000000001','Material Loading',2,1.0,true),
('78100000-0000-0000-0000-000000000003','78000000-0000-0000-0000-000000000001','Parameter Setup',3,1.0,true),
('78100000-0000-0000-0000-000000000004','78000000-0000-0000-0000-000000000001','Production Run Observation',4,4.0,true),
('78100000-0000-0000-0000-000000000005','78000000-0000-0000-0000-000000000001','Cleaning & Changeover',5,2.0,true)
ON CONFLICT DO NOTHING;

INSERT INTO employee_ojt (id, organization_id, employee_id, ojt_master_id, supervisor_id,
                          start_date, target_completion_date, status) VALUES
('78200000-0000-0000-0000-000000000001','00000000-0000-0000-0000-000000000001','10000000-0000-0000-0000-000000000007','78000000-0000-0000-0000-000000000001',
 '10000000-0000-0000-0000-000000000005','2024-02-10','2024-02-20','in_progress')
ON CONFLICT DO NOTHING;

-- Feedback records for completed sessions
INSERT INTO training_feedback (id, organization_id, session_id, employee_id, template_id,
                               rating, comments, submitted_at) VALUES
('79000000-0000-0000-0000-000000000001','00000000-0000-0000-0000-000000000001','72000000-0000-0000-0000-000000000001','10000000-0000-0000-0000-000000000006',
 '67000000-0000-0000-0000-000000000001',4.5,'Trainer was excellent. Clearer examples would help.','2026-02-05 11:00+05:30'),
('79000000-0000-0000-0000-000000000002','00000000-0000-0000-0000-000000000001','72000000-0000-0000-0000-000000000002','10000000-0000-0000-0000-000000000003',
 '67000000-0000-0000-0000-000000000001',4.0,'Fire drill felt rushed at the end.','2026-02-10 16:00+05:30')
ON CONFLICT DO NOTHING;

INSERT INTO training_effectiveness (id, organization_id, course_id, session_id, metric_name,
                                    metric_value, calculated_at) VALUES
('79100000-0000-0000-0000-000000000001','00000000-0000-0000-0000-000000000001','63000000-0000-0000-0000-000000000001','72000000-0000-0000-0000-000000000001','pass_rate',100.00,NOW()),
('79100000-0000-0000-0000-000000000002','00000000-0000-0000-0000-000000000001','63000000-0000-0000-0000-000000000003','72000000-0000-0000-0000-000000000002','attendance_rate',66.67,NOW())
ON CONFLICT DO NOTHING;
