-- ===========================================
-- SEED DATA: ASSESSMENT MODULE
-- ===========================================

INSERT INTO question_bank_categories (id, organization_id, name, unique_code, description, is_active) VALUES
('80000000-0000-0000-0000-000000000001','00000000-0000-0000-0000-000000000001','GMP Bank','QBC-GMP','GMP question bank',true),
('80000000-0000-0000-0000-000000000002','00000000-0000-0000-0000-000000000001','Safety Bank','QBC-SAFETY','Safety question bank',true),
('80000000-0000-0000-0000-000000000003','00000000-0000-0000-0000-000000000001','Data Integrity Bank','QBC-DI','Data integrity questions',true)
ON CONFLICT DO NOTHING;

INSERT INTO question_banks (id, organization_id, name, unique_code, description,
                            created_by, is_active, status) VALUES
('81000000-0000-0000-0000-000000000001','00000000-0000-0000-0000-000000000001','GMP Core Questions','QB-GMP-CORE','Cleanroom & GMP fundamentals',
 '10000000-0000-0000-0000-000000000009',true,'active'),
('81000000-0000-0000-0000-000000000002','00000000-0000-0000-0000-000000000001','Fire Safety Questions','QB-FIRE','Fire & emergency response',
 '10000000-0000-0000-0000-000000000009',true,'active'),
('81000000-0000-0000-0000-000000000003','00000000-0000-0000-0000-000000000001','Data Integrity Core','QB-DI','ALCOA+, 21 CFR Part 11',
 '10000000-0000-0000-0000-000000000004',true,'active')
ON CONFLICT DO NOTHING;

INSERT INTO questions (id, organization_id, question_bank_id, question_text, question_type,
                       difficulty_level, topic_id, marks, explanation, created_by, is_active, status) VALUES
('82000000-0000-0000-0000-000000000001','00000000-0000-0000-0000-000000000001','81000000-0000-0000-0000-000000000001',
 'Which gown order is correct for Grade B cleanroom entry?','multiple_choice','medium',
 '62000000-0000-0000-0000-000000000001',2,'Top-down sequence prevents contamination','10000000-0000-0000-0000-000000000009',true,'active'),
('82000000-0000-0000-0000-000000000002','00000000-0000-0000-0000-000000000001','81000000-0000-0000-0000-000000000001',
 'Sanitizer IPA 70% is required for cleanroom entry.','true_false','easy',
 '62000000-0000-0000-0000-000000000001',1,'Standard requirement per SOP-QA-001','10000000-0000-0000-0000-000000000009',true,'active'),
('82000000-0000-0000-0000-000000000003','00000000-0000-0000-0000-000000000001','81000000-0000-0000-0000-000000000002',
 'Which fire extinguisher is used for electrical fires?','multiple_choice','easy',
 '62000000-0000-0000-0000-000000000003',1,'CO2 is safe for electrical','10000000-0000-0000-0000-000000000009',true,'active'),
('82000000-0000-0000-0000-000000000004','00000000-0000-0000-0000-000000000001','81000000-0000-0000-0000-000000000003',
 'List the ALCOA+ principles in order.','descriptive','hard',
 '62000000-0000-0000-0000-000000000002',5,'Attributable, Legible, Contemporaneous, Original, Accurate + Complete, Consistent, Enduring, Available','10000000-0000-0000-0000-000000000004',true,'active'),
('82000000-0000-0000-0000-000000000005','00000000-0000-0000-0000-000000000001','81000000-0000-0000-0000-000000000003',
 'Match data integrity principles to examples.','matching','medium',
 '62000000-0000-0000-0000-000000000002',4,NULL,'10000000-0000-0000-0000-000000000004',true,'active')
ON CONFLICT DO NOTHING;

INSERT INTO question_options (id, question_id, option_number, option_text, is_correct) VALUES
('82100000-0000-0000-0000-000000000001','82000000-0000-0000-0000-000000000001',1,'Head cover → face mask → gown → shoe cover',true),
('82100000-0000-0000-0000-000000000002','82000000-0000-0000-0000-000000000001',2,'Shoe cover → gown → head cover → face mask',false),
('82100000-0000-0000-0000-000000000003','82000000-0000-0000-0000-000000000001',3,'Gown → face mask → head cover → shoe cover',false),
('82100000-0000-0000-0000-000000000004','82000000-0000-0000-0000-000000000002',1,'True',true),
('82100000-0000-0000-0000-000000000005','82000000-0000-0000-0000-000000000002',2,'False',false),
('82100000-0000-0000-0000-000000000006','82000000-0000-0000-0000-000000000003',1,'Water (Class A)',false),
('82100000-0000-0000-0000-000000000007','82000000-0000-0000-0000-000000000003',2,'CO2 (Class C)',true),
('82100000-0000-0000-0000-000000000008','82000000-0000-0000-0000-000000000003',3,'Foam (Class B)',false)
ON CONFLICT DO NOTHING;

INSERT INTO question_matching_pairs (id, question_id, left_item, right_item, match_order) VALUES
('82200000-0000-0000-0000-000000000001','82000000-0000-0000-0000-000000000005','Attributable','Signed by the operator',1),
('82200000-0000-0000-0000-000000000002','82000000-0000-0000-0000-000000000005','Legible','Clearly readable',2),
('82200000-0000-0000-0000-000000000003','82000000-0000-0000-0000-000000000005','Contemporaneous','Recorded at the time of event',3),
('82200000-0000-0000-0000-000000000004','82000000-0000-0000-0000-000000000005','Original','Not a transcription',4)
ON CONFLICT DO NOTHING;

INSERT INTO question_papers (id, organization_id, course_id, name, unique_code, duration_minutes,
                             total_marks, pass_mark, question_paper_status, release_date, due_date,
                             created_by, is_active) VALUES
('83000000-0000-0000-0000-000000000001','00000000-0000-0000-0000-000000000001','63000000-0000-0000-0000-000000000001',
 'Cleanroom Entry Assessment','QP-CR-001',20,10,8.00,'released','2026-02-05 11:00+05:30','2026-02-06 23:59+05:30',
 '10000000-0000-0000-0000-000000000009',true),
('83000000-0000-0000-0000-000000000002','00000000-0000-0000-0000-000000000001','63000000-0000-0000-0000-000000000002',
 'Data Integrity Certification','QP-DI-001',45,20,17.00,'prepared','2026-03-06 14:00+05:30','2026-03-10 23:59+05:30',
 '10000000-0000-0000-0000-000000000004',true),
('83000000-0000-0000-0000-000000000003','00000000-0000-0000-0000-000000000001','63000000-0000-0000-0000-000000000003',
 'Fire Safety Quiz','QP-FIRE-001',15,5,3.50,'released','2026-02-10 15:30+05:30','2026-02-11 23:59+05:30',
 '10000000-0000-0000-0000-000000000009',true)
ON CONFLICT DO NOTHING;

INSERT INTO question_paper_questions (id, question_paper_id, question_id, sequence_number, marks_allocated) VALUES
('83100000-0000-0000-0000-000000000001','83000000-0000-0000-0000-000000000001','82000000-0000-0000-0000-000000000001',1,2),
('83100000-0000-0000-0000-000000000002','83000000-0000-0000-0000-000000000001','82000000-0000-0000-0000-000000000002',2,1),
('83100000-0000-0000-0000-000000000003','83000000-0000-0000-0000-000000000002','82000000-0000-0000-0000-000000000004',1,5),
('83100000-0000-0000-0000-000000000004','83000000-0000-0000-0000-000000000002','82000000-0000-0000-0000-000000000005',2,4),
('83100000-0000-0000-0000-000000000005','83000000-0000-0000-0000-000000000003','82000000-0000-0000-0000-000000000003',1,1)
ON CONFLICT DO NOTHING;

INSERT INTO assessment_attempts (id, organization_id, employee_id, question_paper_id, attempt_number,
                                 start_time, end_time, duration_seconds, attempt_status, submitted_at) VALUES
('84000000-0000-0000-0000-000000000001','00000000-0000-0000-0000-000000000001','10000000-0000-0000-0000-000000000006','83000000-0000-0000-0000-000000000001',1,
 '2026-02-05 11:05+05:30','2026-02-05 11:18+05:30',780,'submitted','2026-02-05 11:18+05:30'),
('84000000-0000-0000-0000-000000000002','00000000-0000-0000-0000-000000000001','10000000-0000-0000-0000-000000000007','83000000-0000-0000-0000-000000000001',1,
 '2026-02-05 11:05+05:30','2026-02-05 11:22+05:30',1020,'submitted','2026-02-05 11:22+05:30'),
('84000000-0000-0000-0000-000000000003','00000000-0000-0000-0000-000000000001','10000000-0000-0000-0000-000000000003','83000000-0000-0000-0000-000000000003',1,
 '2026-02-10 15:32+05:30','2026-02-10 15:45+05:30',780,'submitted','2026-02-10 15:45+05:30')
ON CONFLICT DO NOTHING;

INSERT INTO assessment_responses (id, attempt_id, question_id, response_text, marks_obtained, is_correct) VALUES
('84100000-0000-0000-0000-000000000001','84000000-0000-0000-0000-000000000001','82000000-0000-0000-0000-000000000001','1',2,true),
('84100000-0000-0000-0000-000000000002','84000000-0000-0000-0000-000000000001','82000000-0000-0000-0000-000000000002','1',1,true),
('84100000-0000-0000-0000-000000000003','84000000-0000-0000-0000-000000000002','82000000-0000-0000-0000-000000000001','2',0,false),
('84100000-0000-0000-0000-000000000004','84000000-0000-0000-0000-000000000002','82000000-0000-0000-0000-000000000002','1',1,true),
('84100000-0000-0000-0000-000000000005','84000000-0000-0000-0000-000000000003','82000000-0000-0000-0000-000000000003','2',1,true)
ON CONFLICT DO NOTHING;

INSERT INTO assessment_results (id, organization_id, employee_id, question_paper_id, attempt_id,
                                total_marks, marks_obtained, percentage, assessment_result,
                                result_published_at, published_by) VALUES
('85000000-0000-0000-0000-000000000001','00000000-0000-0000-0000-000000000001','10000000-0000-0000-0000-000000000006','83000000-0000-0000-0000-000000000001','84000000-0000-0000-0000-000000000001',
 10,9,90.00,'pass','2026-02-05 11:30+05:30','10000000-0000-0000-0000-000000000009'),
('85000000-0000-0000-0000-000000000002','00000000-0000-0000-0000-000000000001','10000000-0000-0000-0000-000000000007','83000000-0000-0000-0000-000000000001','84000000-0000-0000-0000-000000000001',
 10,6,60.00,'fail','2026-02-05 11:30+05:30','10000000-0000-0000-0000-000000000009'),
('85000000-0000-0000-0000-000000000003','00000000-0000-0000-0000-000000000001','10000000-0000-0000-0000-000000000003','83000000-0000-0000-0000-000000000003','84000000-0000-0000-0000-000000000003',
 5,5,100.00,'pass','2026-02-10 16:00+05:30','10000000-0000-0000-0000-000000000009')
ON CONFLICT DO NOTHING;

INSERT INTO grading_queue (id, attempt_id, grading_status, assigned_grader_id, assigned_at) VALUES
('85100000-0000-0000-0000-000000000001','84000000-0000-0000-0000-000000000002','completed','10000000-0000-0000-0000-000000000009','2026-02-05 11:25+05:30')
ON CONFLICT DO NOTHING;

INSERT INTO result_appeals (id, organization_id, employee_id, assessment_result_id, appeal_reason,
                            appeal_date, appeal_status) VALUES
('85200000-0000-0000-0000-000000000001','00000000-0000-0000-0000-000000000001','10000000-0000-0000-0000-000000000007','85000000-0000-0000-0000-000000000002',
 'Q1 ambiguous wording','2026-02-06','pending')
ON CONFLICT DO NOTHING;
